{"cameraMode":{"drawMode":0,"name":"Shaded","section":"Shading Mode"},"sceneLighting":true,"audioPlay":false,"sceneViewState":{"m_AlwaysRefresh":false,"showFog":true,"showSkybox":true,"showFlares":true,"showImageEffects":true,"showParticleSystems":true,"showVisualEffectGraphs":true,"m_FxEnabled":true},"in2DMode":false,"pivot":{"x":-1.4825458526611329,"y":5.695437431335449,"z":-16.829383850097658},"rotation":{"x":-0.2496388554573059,"y":-0.005231225863099098,"z":0.0013478579930961133,"w":-0.9683300852775574},"size":13.155470848083496,"orthographic":false}